Day Max Power (mW),Day Min Power (mW),Percent Skewness > 0,Percent Kurtosis > 0,Average Percent > 5 Std Dev,Average Percent of Outliers
8.86498e-06,3.89107e-11,67.70915659929999,42.523266504298455,0.004936119659327096,0.6725544145780624
